schedule_id,loan_id,Expected_payment_date,Expected_payment_amount
3434r409km123456,32u09wekjbfje,2/27/2021,100790.3333
3434r409km123457,32u09wekjbfje,3/27/2021,100790.3333
3434r409km123458,32u09wekjbfje,4/27/2021,100790.3333
3434r409km123459,32u09wekjbfje,5/27/2021,100790.3333
3434r409km123460,32u09wekjbfje,6/27/2021,100790.3333
3434r409km123461,32u09wekjbfje,7/27/2021,100790.3333
3434r409km123462,32u09wekjbfje,8/27/2021,100790.3333
3434r409km123463,32u09wekjbfje,9/27/2021,100790.3333
3434r409km123464,32u09wekjbfje,10/27/2021,100790.3333
3434r409km123465,32u09wekjbfje,11/27/2021,100790.3333
3434r409km123466,32u09wekjbfje,12/27/2021,100790.3333
3434r409km123467,32u09wekjbfje,1/27/2022,100790.3333
ij3949nfnjnfb42345,9190i0-nbfb,3/2/2021,516417.9583
ij3949nfnjnfb42346,9190i0-nbfb,4/2/2021,516417.9583
ij3949nfnjnfb42347,9190i0-nbfb,5/2/2021,516417.9583
ij3949nfnjnfb42348,9190i0-nbfb,6/2/2021,516417.9583
ij3949nfnjnfb42349,9190i0-nbfb,7/2/2021,516417.9583
ij3949nfnjnfb42350,9190i0-nbfb,8/2/2021,516417.9583
ij3949nfnjnfb42351,9190i0-nbfb,9/2/2021,516417.9583
ij3949nfnjnfb42352,9190i0-nbfb,10/2/2021,516417.9583
ij3949nfnjnfb42353,9190i0-nbfb,11/2/2021,516417.9583
ij3949nfnjnfb42354,9190i0-nbfb,12/2/2021,516417.9583
ij3949nfnjnfb42355,9190i0-nbfb,1/2/2022,516417.9583
ij3949nfnjnfb42356,9190i0-nbfb,2/2/2022,516417.9583
ij3949nfnjnfb42357,9190i0-nbfb,3/2/2022,516417.9583
ij3949nfnjnfb42358,9190i0-nbfb,4/2/2022,516417.9583
ij3949nfnjnfb42359,9190i0-nbfb,5/2/2022,516417.9583
ij3949nfnjnfb42360,9190i0-nbfb,6/2/2022,516417.9583
ij3949nfnjnfb42361,9190i0-nbfb,7/2/2022,516417.9583
ij3949nfnjnfb42362,9190i0-nbfb,8/2/2022,516417.9583
ij3949nfnjnfb42363,9190i0-nbfb,9/2/2022,516417.9583
ij3949nfnjnfb42364,9190i0-nbfb,10/2/2022,516417.9583
ij3949nfnjnfb42365,9190i0-nbfb,11/2/2022,516417.9583
ij3949nfnjnfb42366,9190i0-nbfb,12/2/2022,516417.9583
ij3949nfnjnfb42367,9190i0-nbfb,1/2/2023,516417.9583
ij3949nfnjnfb42368,9190i0-nbfb,2/2/2023,516417.9583
9924rmnkvknv364783,09u924rbwf,5/16/2021,1271803.806
9924rmnkvknv364784,09u924rbwf,6/16/2021,1271803.806
9924rmnkvknv364785,09u924rbwf,7/16/2021,1271803.806
9924rmnkvknv364786,09u924rbwf,8/16/2021,1271803.806
9924rmnkvknv364787,09u924rbwf,9/16/2021,1271803.806
9924rmnkvknv364788,09u924rbwf,10/16/2021,1271803.806
9924rmnkvknv364789,09u924rbwf,11/16/2021,1271803.806
9924rmnkvknv364790,09u924rbwf,12/16/2021,1271803.806
9924rmnkvknv364791,09u924rbwf,1/16/2022,1271803.806
9924rmnkvknv364792,09u924rbwf,2/16/2022,1271803.806
9924rmnkvknv364793,09u924rbwf,3/16/2022,1271803.806
9924rmnkvknv364794,09u924rbwf,4/16/2022,1271803.806
9924rmnkvknv364795,09u924rbwf,5/16/2022,1271803.806
9924rmnkvknv364796,09u924rbwf,6/16/2022,1271803.806
9924rmnkvknv364797,09u924rbwf,7/16/2022,1271803.806
9924rmnkvknv364798,09u924rbwf,8/16/2022,1271803.806
9924rmnkvknv364799,09u924rbwf,9/16/2022,1271803.806
9924rmnkvknv364800,09u924rbwf,10/16/2022,1271803.806
9924rmnkvknv364801,09u924rbwf,11/16/2022,1271803.806
9924rmnkvknv364802,09u924rbwf,12/16/2022,1271803.806
9924rmnkvknv364803,09u924rbwf,1/16/2023,1271803.806
9924rmnkvknv364804,09u924rbwf,2/16/2023,1271803.806
9924rmnkvknv364805,09u924rbwf,3/16/2023,1271803.806
9924rmnkvknv364806,09u924rbwf,4/16/2023,1271803.806
9924rmnkvknv364807,09u924rbwf,5/16/2023,1271803.806
9924rmnkvknv364808,09u924rbwf,6/16/2023,1271803.806
9924rmnkvknv364809,09u924rbwf,7/16/2023,1271803.806
9924rmnkvknv364810,09u924rbwf,8/16/2023,1271803.806
9924rmnkvknv364811,09u924rbwf,9/16/2023,1271803.806
9924rmnkvknv364812,09u924rbwf,10/16/2023,1271803.806
9924rmnkvknv364813,09u924rbwf,11/16/2023,1271803.806
9924rmnkvknv364814,09u924rbwf,12/16/2023,1271803.806
9924rmnkvknv364815,09u924rbwf,1/16/2024,1271803.806
9924rmnkvknv364816,09u924rbwf,2/16/2024,1271803.806
9924rmnkvknv364817,09u924rbwf,3/16/2024,1271803.806
9924rmnkvknv364818,09u924rbwf,4/16/2024,1271803.806
klnin09u4nj33464,3240-9rfwb,4/26/2021,102907.5
klnin09u4nj33465,3240-9rfwb,5/26/2021,102907.5
klnin09u4nj33466,3240-9rfwb,6/26/2021,102907.5
klnin09u4nj33467,3240-9rfwb,7/26/2021,102907.5
klnin09u4nj33468,3240-9rfwb,8/26/2021,102907.5
klnin09u4nj33469,3240-9rfwb,9/26/2021,102907.5
klnin09u4nj33470,3240-9rfwb,10/26/2021,102907.5
klnin09u4nj33471,3240-9rfwb,11/26/2021,102907.5
klnin09u4nj33472,3240-9rfwb,12/26/2021,102907.5
klnin09u4nj33473,3240-9rfwb,1/26/2022,102907.5
klnin09u4nj33474,3240-9rfwb,2/26/2022,102907.5
klnin09u4nj33475,3240-9rfwb,3/26/2022,102907.5
